<?xml version="1.0" encoding="UTF-8" ?>

<main>
    <configuration>
        <dbConnectionString>localhost:3307</dbConnectionString>
        <url>http://192.168.43.54:5003</url>
    </configuration>

    <models>
        <scheduling>
            <model>
                <model-name>Sonar</model-name>
                <start-time> NA </start-time>
                <end-time> NA </end-time>
                <repeat> no </repeat>
                <interval> 40 </interval>
                <count> 2 </count>
                <repeat-period>10</repeat-period>
                <indefinately>no</indefinately>
                <gateway-loc>Gateway</gateway-loc>
                <uname>dhawal</uname>
                <password>dhawal@A1</password>
                <socket>192.168.43.110:8900</socket>
            </model>
        </scheduling>
    </models>

    <services>
        <service>
            <serviceName>distanceAlarmService</serviceName>
            <minInstances>1</minInstances>
            <minResponseTime>100ms</minResponseTime>
            <highMark>50</highMark>
            <lowMark>10</lowMark>
            <maxInstances>1</maxInstances>
        </service>
    </services>
</main>